ID Sequence,Name,memo,id_mod5,Modification_5,id_baseline,sequence_ns,id_mod3,Modification_3,Length,Formula,ExactMS,Mol.W.,Extinct,nmol/OD,µg/OD,Sequence(OP),sequence_gd,Block-01,Block-02,Block-03,Block-04,Block-05,Block-06,Block-07,Block-08,Block-09,Block-10,Block-11,Block-12,Block-13,Block-14,Block-15,Block-16,Block-17,Block-18
12-00-00,"Bace1(All-DNA)(5′-H, 3′-H)",,14-00-00,H,17-00-01,G*T*A*T*T*G*C*T*G*A*G*G*A,15-00-00,H,13,C129H197B12N51O65P12,4004.16456414833,4003.664323976,131310.0,7.61556621734826,30.490170771274087,G*T*A*T*T*G*C*T*G*A*G*G*A,g*t*a*t*t*g*c*t*g*a*g*g*a,DNA-A_UNY,DNA-G,DNA-G,DNA-A,DNA-G,DNA-T,DNA-C,DNA-G,DNA-T,DNA-T,DNA-A,DNA-T,DNA-G,,,,,
12-00-01,"Bace1 gapmer(5′-H, 3′-H)",,14-00-00,H,17-00-02,G(L)*T(L)*A*T*T*G*C*T*G*A*G(L)*G(L)*A(L),15-00-00,H,13,C134H197B12N51O70P12,4144.13913724618,4143.714823976,131310.0,7.61556621734826,31.556734627796818,z*q*A*T*T*G*C*T*G*A*z*z*x,G(L)*T(L)*a*t*t*g*c*t*g*a*G(L)*G(L)*A(L),RNA-x_UNY,RNA-z,RNA-z,DNA-A,DNA-G,DNA-T,DNA-C,DNA-G,DNA-T,DNA-T,DNA-A,RNA-q,RNA-z,,,,,
12-00-02,"SYNGAP1-24(All-DNA)(5′-H, 3′-H)",,14-00-00,H,17-00-03,A*G*A*A*A*T*G*G*A*G*A*G*G*G*A*G*A*G,15-00-00,H,18,C180H269B17N87O82P17,5674.66751595316,5673.936513966,211860.0,4.720098178042103,26.78153740189748,A*G*A*A*A*T*G*G*A*G*A*G*G*G*A*G*A*G,a*g*a*a*a*t*g*g*a*g*a*g*g*g*a*g*a*g,DNA-G_UNY,DNA-A,DNA-G,DNA-A,DNA-G,DNA-G,DNA-G,DNA-A,DNA-G,DNA-A,DNA-G,DNA-G,DNA-T,DNA-A,DNA-A,DNA-A,DNA-G,DNA-A
12-00-03,"SYNGAP1-24(Full MOE)(5′-H, 3′-H)",,14-00-00,H,17-00-04,A(M)*G(M)*A(M)*A(M)*A(M)*T(M)*G(M)*G(M)*A(M)*G(M)*A(M)*G(M)*G(M)*G(M)*A(M)*G(M)*A(M)*G(M),15-00-00,H,18,C234H377B17N87O118P17,7007.32954573852,7007.350233966001,211860.0,4.720098178042103,33.075381072245825,x*z*x*x*x*q*z*z*x*z*x*z*z*z*x*z*x*z,A(m)*G(m)*A(m)*A(m)*A(m)*T(m)*G(m)*G(m)*A(m)*G(m)*A(m)*G(m)*G(m)*G(m)*A(m)*G(m)*A(m)*G(m),RNA-z_UNY,RNA-x,RNA-z,RNA-x,RNA-z,RNA-z,RNA-z,RNA-x,RNA-z,RNA-x,RNA-z,RNA-z,RNA-q,RNA-x,RNA-x,RNA-x,RNA-z,RNA-x
12-00-04,"SYNGAP1-5(All-DNA)(5′-H, 3′-H)",,14-00-00,H,17-00-05,G*A*C*A*C*C*A*G*G*G*A*G*A*G*A*C*A*G,15-00-00,H,18,C176H268B17N82O82P17,5555.644320898779,5554.852273966,196110.0,5.09917903217582,28.3251862422416,G*A*C*A*C*C*A*G*G*G*A*G*A*G*A*C*A*G,g*a*c*a*c*c*a*g*g*g*a*g*a*g*a*c*a*g,DNA-G_UNY,DNA-A,DNA-C,DNA-A,DNA-G,DNA-A,DNA-G,DNA-A,DNA-G,DNA-G,DNA-G,DNA-A,DNA-C,DNA-C,DNA-A,DNA-C,DNA-A,DNA-G
12-00-05,"SYNGAP1-5(Full MOE)(5′-H, 3′-H)",,14-00-00,H,17-00-06,G(M)*A(M)*mC(M)*A(M)*mC(M)*mC(M)*A(M)*G(M)*G(M)*G(M)*A(M)*G(M)*A(M)*G(M)*A(M)*mC(M)*A(M)*G(M),15-00-00,H,18,C234H384B17N82O118P17,6944.36895094198,6944.372313966,189990.0,5.263434917627244,36.55125171833254,z*x*y*x*y*y*x*z*z*z*x*z*x*z*x*y*x*z,G(m)*A(m)*5(m)*A(m)*5(m)*5(m)*A(m)*G(m)*G(m)*G(m)*A(m)*G(m)*A(m)*G(m)*A(m)*5(m)*A(m)*G(m),RNA-z_UNY,RNA-x,RNA-y,RNA-x,RNA-z,RNA-x,RNA-z,RNA-x,RNA-z,RNA-z,RNA-z,RNA-x,RNA-y,RNA-y,RNA-x,RNA-y,RNA-x,RNA-z
12-00-06,"mecp2-33(All-DNA)(5′-H, 3′-H)",,14-00-00,H,17-00-07,T*C*T*A*C*A*G*A*A*G*C*A*A*G*G*T*G*T,15-00-00,H,18,C177H272B17N72O87P17,5511.61945408125,5510.824733966,186210.0,5.370280865689275,29.594676622984803,T*C*T*A*C*A*G*A*A*G*C*A*A*G*G*T*G*T,t*c*t*a*c*a*g*a*a*g*c*a*a*g*g*t*g*t,DNA-T_UNY,DNA-G,DNA-T,DNA-G,DNA-G,DNA-A,DNA-A,DNA-C,DNA-G,DNA-A,DNA-A,DNA-G,DNA-A,DNA-C,DNA-A,DNA-T,DNA-C,DNA-T
12-00-07,"mecp2-33(Full MOE)(5′-H, 3′-H)",,14-00-00,H,17-00-08,T(M)*mC(M)*T(M)*A(M)*mC(M)*A(M)*G(M)*A(M)*A(M)*G(M)*mC(M)*A(M)*A(M)*G(M)*G(M)*T(M)*G(M)*T(M),15-00-00,H,18,C234H386B17N72O123P17,6886.32843405999,6886.318193966,181620.0,5.5060015416804315,37.916078592478804,q*y*q*x*y*x*z*x*x*z*y*x*x*z*z*q*z*q,T(m)*5(m)*T(m)*A(m)*5(m)*A(m)*G(m)*A(m)*A(m)*G(m)*5(m)*A(m)*A(m)*G(m)*G(m)*T(m)*G(m)*T(m),RNA-q_UNY,RNA-z,RNA-q,RNA-z,RNA-z,RNA-x,RNA-x,RNA-y,RNA-z,RNA-x,RNA-x,RNA-z,RNA-x,RNA-y,RNA-x,RNA-q,RNA-y,RNA-q
12-00-08,"mecp2-52(All-DNA)(5′-H, 3′-H)",,14-00-00,H,17-00-09,G*G*C*C*A*A*A*C*C*A*G*G*A*C*A*T*A*T,15-00-00,H,18,C175H270B17N74O84P17,5465.62520816694,5464.8026539659995,187380.0,5.336748852598997,29.164279293232998,G*G*C*C*A*A*A*C*C*A*G*G*A*C*A*T*A*T,g*g*c*c*a*a*a*c*c*a*g*g*a*c*a*t*a*t,DNA-T_UNY,DNA-A,DNA-T,DNA-A,DNA-C,DNA-A,DNA-G,DNA-G,DNA-A,DNA-C,DNA-C,DNA-A,DNA-A,DNA-A,DNA-C,DNA-C,DNA-G,DNA-G
12-00-09,"mecp2-52(Full MOE)(5′-H, 3′-H)",,14-00-00,H,17-00-0A,G(M)*G(M)*mC(M)*mC(M)*A(M)*A(M)*A(M)*mC(M)*mC(M)*A(M)*G(M)*G(M)*A(M)*mC(M)*A(M)*T(M)*A(M)*T(M),15-00-00,H,18,C234H388B17N74O120P17,6868.3654882746,6868.349273966,179730.0,5.563901407667056,38.21481819376843,z*z*y*y*x*x*x*y*y*x*z*z*x*y*x*q*x*q,G(m)*G(m)*5(m)*5(m)*A(m)*A(m)*A(m)*5(m)*5(m)*A(m)*G(m)*G(m)*A(m)*5(m)*A(m)*T(m)*A(m)*T(m),RNA-q_UNY,RNA-x,RNA-q,RNA-x,RNA-y,RNA-x,RNA-z,RNA-z,RNA-x,RNA-y,RNA-y,RNA-x,RNA-x,RNA-x,RNA-y,RNA-y,RNA-z,RNA-z
12-00-0A,"T16(All-DNA)(5′-H, 3′-H)",,14-00-00,H,17-00-0B,T*T*T*T*T*T*T*T*T*T*T*T*T*T*T*T,15-00-00,H,16,C160H254B15N32O95P15,4773.34882556363,4772.65758997,125280.0,7.982120051085569,38.09592584586526,T*T*T*T*T*T*T*T*T*T*T*T*T*T*T*T,t*t*t*t*t*t*t*t*t*t*t*t*t*t*t*t,DNA-T_UNY,DNA-T,DNA-T,DNA-T,DNA-T,DNA-T,DNA-T,DNA-T,DNA-T,DNA-T,DNA-T,DNA-T,DNA-T,DNA-T,DNA-T,DNA-T,,
12-00-0B,"CAGTCAGT(5′-H, 3′-H)",,14-00-00,H,17-00-0C,C*A*G*T*C*A*G*T,15-00-00,H,8,C78H120B7N30O39P7,2394.71436567267,2394.458333986,77400.0,12.919896640826874,30.936154185865632,C*A*G*T*C*A*G*T,c*a*g*t*c*a*g*t,DNA-T_UNY,DNA-G,DNA-A,DNA-C,DNA-T,DNA-G,DNA-A,DNA-C,,,,,,,,,,
12-00-0C,"CAGT(5′-H, 3′-H)",,14-00-00,H,17-00-0D,C*A*G*T,15-00-00,H,4,C39H59B3N15O19P3,1167.3603668151097,1167.329145994,38700.0,25.839793281653748,30.16354382413437,C*A*G*T,c*a*g*t,DNA-T_UNY,DNA-G,DNA-A,DNA-C,,,,,,,,,,,,,,
12-00-0D,"TGT(5′-H, 3′-H)",,14-00-00,H,17-00-0E,T*G*T,15-00-00,H,3,C30H45B2N9O16P2,871.26456112018,871.2985239960001,26010.0,38.446751249519416,33.498597616147634,T*G*T,t*g*t,DNA-T_UNY,DNA-G,DNA-T,,,,,,,,,,,,,,,
12-00-0E,"AT(5′-C6Amine, 3′-H)",,14-00-01,C6Amine,17-00-0G,A*T,15-00-00,H,2,C26H46B2N8O11P2,730.29473905013,730.2599639959999,21690.0,46.10419548178884,33.668048132595665,A*T,a*t,DNA-T_UNY,DNA-A,,,,,,,,,,,,,,,,
12-00-0F,"CT(5′-C6Amine, 3′-H)",,14-00-01,C6Amine,17-00-0H,C*T,15-00-00,H,2,C25H46B2N6O12P2,706.2835056608401,706.235263996,14490.0,69.01311249137336,48.73949371953071,C*T,c*t,DNA-T_UNY,DNA-C,,,,,,,,,,,,,,,,
12-00-0G,"GT(5′-C6Amine, 3′-H)",,14-00-01,C6Amine,17-00-0F,G*T,15-00-00,H,2,C26H46B2N8O12P2,746.2896536697,746.2593639959999,18180.0,55.005500550055004,41.048369856765675,G*T,g*t,DNA-T_UNY,DNA-G,,,,,,,,,,,,,,,,
12-00-0H,"TT(5′-C6Amine, 3′-H)",,14-00-01,C6Amine,17-00-0I,T*T,15-00-00,H,2,C26H47B2N5O13P2,721.28317130821,721.246603996,15660.0,63.85696040868455,46.05661583627075,T*T,t*t,DNA-T_UNY,DNA-T,,,,,,,,,,,,,,,,
12-00-0I,"Malat1-ASO(5′-H, 3′-H)",,14-00-00,H,17-00-0J,mC(L)*T(L)*A(L)*G*T*T*C*A*C*T*G*A*A*T(L)*G(L)*mC(L),15-00-00,H,16,C164H247B15N57O86P15,5020.41666887264,5019.81770997,149220.0,6.7015145422865565,33.64038138299155,y*q*x*G*T*T*C*A*C*T*G*A*A*q*z*y,5(L)*T(L)*A(L)*g*t*t*c*a*c*t*g*a*a*T(L)*G(L)*5(L),RNA-y_UNY,RNA-z,RNA-q,DNA-A,DNA-A,DNA-G,DNA-T,DNA-C,DNA-A,DNA-C,DNA-T,DNA-T,DNA-G,RNA-x,RNA-q,RNA-y,,
12-00-0J,"Malat1-ASO(5′-C6Amine, 3′-H)",,14-00-01,C6Amine,17-00-0J,mC(L)*T(L)*A(L)*G*T*T*C*A*C*T*G*A*A*T(L)*G(L)*mC(L),15-00-00,H,16,C170H264B16N58O88P16,5197.52566502254,5196.807151968,149220.0,6.7015145422865565,34.826478702372334,y*q*x*G*T*T*C*A*C*T*G*A*A*q*z*y,5(L)*T(L)*A(L)*g*t*t*c*a*c*t*g*a*a*T(L)*G(L)*5(L),RNA-y_UNY,RNA-z,RNA-q,DNA-A,DNA-A,DNA-G,DNA-T,DNA-C,DNA-A,DNA-C,DNA-T,DNA-T,DNA-G,RNA-x,RNA-q,RNA-y,,
