ID,Name,note,id_sequence,baselinename,baseline,len,type_modification,sugar_wing,sugar_gap,link_wing,link_gap,wing5,wing3,sequence_ns,sequence_gd,手動調整？
17-00-01,Bace1(All-DNA),,16-00-03,Bace1,GTATTGCTGAGGA,13,ASO,DNA,DNA,PB,PB,2,3,GTATTGCTGAGGA,gtattgctgagga,
17-00-02,Bace1 gapmer,,16-00-03,Bace1,GTATTGCTGAGGA,13,ASO,LNA,DNA,PB,PB,2,3,GTATTGCTGAGGA,gtattgctgagga,
17-00-03,SYNGAP1-24(All-DNA),,16-00-04,SYNGAP1-24,AGAAATGGAGAGGGAGAG,18,ASO,DNA,DNA,PB,PB,0,0,AGAAATGGAGAGGGAGAG,agaaatggagagggagag,
17-00-04,SYNGAP1-24(Full MOE),,16-00-04,SYNGAP1-24,AGAAATGGAGAGGGAGAG,18,ASO,MOE,MOE,PB,PB,0,0,A(M)G(M)A(M)A(M)A(M)T(M)G(M)G(M)A(M)G(M)A(M)G(M)G(M)G(M)A(M)G(M)A(M)G(M),A(m)G(m)A(m)A(m)A(m)T(m)G(m)G(m)A(m)G(m)A(m)G(m)G(m)G(m)A(m)G(m)A(m)G(m),
17-00-05,SYNGAP1-5(All-DNA),,16-00-05,SYNGAP1-5,GACACCAGGGAGAGACAG,18,ASO,DNA,DNA,PB,PB,0,0,GACACCAGGGAGAGACAG,gacaccagggagagacag,
17-00-06,SYNGAP1-5(Full MOE),,16-00-05,SYNGAP1-5,GACACCAGGGAGAGACAG,18,ASO,MOE,MOE,PB,PB,0,0,G(M)A(M)mC(M)A(M)mC(M)mC(M)A(M)G(M)G(M)G(M)A(M)G(M)A(M)G(M)A(M)mC(M)A(M)G(M),G(m)A(m)5(m)A(m)5(m)5(m)A(m)G(m)G(m)G(m)A(m)G(m)A(m)G(m)A(m)5(m)A(m)G(m),
17-00-07,mecp2-33(All-DNA),,16-00-09,mecp2-33,TCTACAGAAGCAAGGTGT,18,ASO,DNA,DNA,PB,PB,0,0,TCTACAGAAGCAAGGTGT,tctacagaagcaaggtgt,
17-00-08,mecp2-33(Full MOE),,16-00-09,mecp2-33,TCTACAGAAGCAAGGTGT,18,ASO,MOE,MOE,PB,PB,0,0,T(M)mC(M)T(M)A(M)mC(M)A(M)G(M)A(M)A(M)G(M)mC(M)A(M)A(M)G(M)G(M)T(M)G(M)T(M),T(m)5(m)T(m)A(m)5(m)A(m)G(m)A(m)A(m)G(m)5(m)A(m)A(m)G(m)G(m)T(m)G(m)T(m),
17-00-09,mecp2-52(All-DNA),,16-00-0A,mecp2-52,GGCCAAACCAGGACATAT,18,ASO,DNA,DNA,PB,PB,0,0,GGCCAAACCAGGACATAT,ggccaaaccaggacatat,
17-00-0A,mecp2-52(Full MOE),,16-00-0A,mecp2-52,GGCCAAACCAGGACATAT,18,ASO,MOE,MOE,PB,PB,0,0,G(M)G(M)mC(M)mC(M)A(M)A(M)A(M)mC(M)mC(M)A(M)G(M)G(M)A(M)mC(M)A(M)T(M)A(M)T(M),G(m)G(m)5(m)5(m)A(m)A(m)A(m)5(m)5(m)A(m)G(m)G(m)A(m)5(m)A(m)T(m)A(m)T(m),
17-00-0B,T16(All-DNA),,16-00-0B,T16,TTTTTTTTTTTTTTTT,16,ASO,DNA,DNA,PB,PB,0,0,TTTTTTTTTTTTTTTT,tttttttttttttttt,
17-00-0C,CAGTCAGT,,16-00-0C,ACGTACGT,CAGTCAGT,8,ASO,DNA,DNA,PB,PB,0,0,CAGTCAGT,cagtcagt,
17-00-0D,CAGT,,16-00-0D,ACGT,CAGT,4,ASO,DNA,DNA,PB,PB,0,0,CAGT,cagt,
17-00-0E,TGT,,16-00-0E,TGT,TGT,3,ASO,DNA,DNA,PB,PB,0,0,TGT,tgt,
17-00-0F,GT,,16-00-0F,GT,GT,2,ASO,DNA,DNA,PB,PB,0,0,GT,gt,
17-00-0G,AT,,16-00-0G,AT,AT,2,ASO,DNA,DNA,PB,PB,0,0,AT,at,
17-00-0H,CT,,16-00-0H,CT,CT,2,ASO,DNA,DNA,PB,PB,0,0,CT,ct,
17-00-0I,TT,,16-00-0I,TT,TT,2,ASO,DNA,DNA,PB,PB,0,0,TT,tt,
17-00-0J,Malat1-ASO,,16-00-02,malat1,CTAGTTCACTGAATGC,16,ASO,LNA,DNA,PB,PB,3,3,CTAGTTCACTGAATGC,ctagttcactgaatgc,
